id,comment_image_url,comment_id
1,https://dummyimage.com/600x400/7d7d7d/fff&text=comment1,1
2,https://dummyimage.com/600x400/7d7d7d/fff&text=comment2,1
3,https://dummyimage.com/600x400/7d7d7d/fff&text=comment3,1
4,https://dummyimage.com/600x400/7d7d7d/fff&text=comment4,2
5,https://dummyimage.com/600x400/7d7d7d/fff&text=comment5,2
6,https://dummyimage.com/600x400/7d7d7d/fff&text=comment6,2
7,https://dummyimage.com/600x400/7d7d7d/fff&text=comment7,2
8,https://dummyimage.com/600x400/7d7d7d/fff&text=comment8,3
9,https://dummyimage.com/600x400/7d7d7d/fff&text=comment9,4
10,https://dummyimage.com/600x400/7d7d7d/fff&text=comment10,5
11,https://dummyimage.com/600x400/7d7d7d/fff&text=comment11,6
12,https://dummyimage.com/600x400/7d7d7d/fff&text=comment12,7
13,https://dummyimage.com/600x400/7d7d7d/fff&text=comment13,8
14,https://dummyimage.com/600x400/7d7d7d/fff&text=comment14,9
15,https://dummyimage.com/600x400/7d7d7d/fff&text=comment15,10
16,https://dummyimage.com/600x400/7d7d7d/fff&text=comment16,11
17,https://dummyimage.com/600x400/7d7d7d/fff&text=comment17,11
18,https://dummyimage.com/600x400/7d7d7d/fff&text=comment18,12
19,https://dummyimage.com/600x400/7d7d7d/fff&text=comment19,13
20,https://dummyimage.com/600x400/7d7d7d/fff&text=comment20,13
21,https://dummyimage.com/600x400/7d7d7d/fff&text=comment21,14
22,https://dummyimage.com/600x400/7d7d7d/fff&text=comment22,15
23,https://dummyimage.com/600x400/7d7d7d/fff&text=comment23,16
24,https://dummyimage.com/600x400/7d7d7d/fff&text=comment24,17
25,https://dummyimage.com/600x400/7d7d7d/fff&text=comment25,18
26,https://dummyimage.com/600x400/7d7d7d/fff&text=comment26,19
27,https://dummyimage.com/600x400/7d7d7d/fff&text=comment27,20
28,https://dummyimage.com/600x400/7d7d7d/fff&text=comment28,21
29,https://dummyimage.com/600x400/7d7d7d/fff&text=comment29,21
30,https://dummyimage.com/600x400/7d7d7d/fff&text=comment30,21
31,https://dummyimage.com/600x400/7d7d7d/fff&text=comment31,22
32,https://dummyimage.com/600x400/7d7d7d/fff&text=comment32,23
33,https://dummyimage.com/600x400/7d7d7d/fff&text=comment33,24
34,https://dummyimage.com/600x400/7d7d7d/fff&text=comment34,25
35,https://dummyimage.com/600x400/7d7d7d/fff&text=comment35,26
36,https://dummyimage.com/600x400/7d7d7d/fff&text=comment36,27
37,https://dummyimage.com/600x400/7d7d7d/fff&text=comment37,28
38,https://dummyimage.com/600x400/7d7d7d/fff&text=comment38,29
39,https://dummyimage.com/600x400/7d7d7d/fff&text=comment39,30
40,https://dummyimage.com/600x400/7d7d7d/fff&text=comment40,31
41,https://dummyimage.com/600x400/7d7d7d/fff&text=comment41,32
42,https://dummyimage.com/600x400/7d7d7d/fff&text=comment42,33
43,https://dummyimage.com/600x400/7d7d7d/fff&text=comment43,34
44,https://dummyimage.com/600x400/7d7d7d/fff&text=comment44,35
45,https://dummyimage.com/600x400/7d7d7d/fff&text=comment45,36
46,https://dummyimage.com/600x400/7d7d7d/fff&text=comment46,37
47,https://dummyimage.com/600x400/7d7d7d/fff&text=comment47,38
48,https://dummyimage.com/600x400/7d7d7d/fff&text=comment48,39
49,https://dummyimage.com/600x400/7d7d7d/fff&text=comment49,41
50,https://dummyimage.com/600x400/7d7d7d/fff&text=comment50,45
51,https://dummyimage.com/600x400/7d7d7d/fff&text=comment51,60
52,https://dummyimage.com/600x400/7d7d7d/fff&text=comment52,61
53,https://dummyimage.com/600x400/7d7d7d/fff&text=comment53,62
54,https://dummyimage.com/600x400/7d7d7d/fff&text=comment54,63
55,https://dummyimage.com/600x400/7d7d7d/fff&text=comment55,64
56,https://dummyimage.com/600x400/7d7d7d/fff&text=comment56,80
57,https://dummyimage.com/600x400/7d7d7d/fff&text=comment57,81
58,https://dummyimage.com/600x400/7d7d7d/fff&text=comment58,82
59,https://dummyimage.com/600x400/7d7d7d/fff&text=comment59,82
60,https://dummyimage.com/600x400/7d7d7d/fff&text=comment60,82
61,https://dummyimage.com/600x400/7d7d7d/fff&text=comment61,83
62,https://dummyimage.com/600x400/7d7d7d/fff&text=comment62,83
63,https://dummyimage.com/600x400/7d7d7d/fff&text=comment63,84
64,https://dummyimage.com/600x400/7d7d7d/fff&text=comment64,85
65,https://dummyimage.com/600x400/7d7d7d/fff&text=comment65,86
66,https://dummyimage.com/600x400/7d7d7d/fff&text=comment66,100
67,https://dummyimage.com/600x400/7d7d7d/fff&text=comment67,101
68,https://dummyimage.com/600x400/7d7d7d/fff&text=comment68,102
69,https://dummyimage.com/600x400/7d7d7d/fff&text=comment69,103
70,https://dummyimage.com/600x400/7d7d7d/fff&text=comment70,104
71,https://dummyimage.com/600x400/7d7d7d/fff&text=comment71,105
72,https://dummyimage.com/600x400/7d7d7d/fff&text=comment72,106
73,https://dummyimage.com/600x400/7d7d7d/fff&text=comment73,107
74,https://dummyimage.com/600x400/7d7d7d/fff&text=comment74,108
75,https://dummyimage.com/600x400/7d7d7d/fff&text=comment75,109
76,https://dummyimage.com/600x400/7d7d7d/fff&text=comment76,110
77,https://dummyimage.com/600x400/7d7d7d/fff&text=comment77,111
78,https://dummyimage.com/600x400/7d7d7d/fff&text=comment78,112
79,https://dummyimage.com/600x400/7d7d7d/fff&text=comment79,113
80,https://dummyimage.com/600x400/7d7d7d/fff&text=comment80,114
81,https://dummyimage.com/600x400/7d7d7d/fff&text=comment81,115
82,https://dummyimage.com/600x400/7d7d7d/fff&text=comment82,116
83,https://dummyimage.com/600x400/7d7d7d/fff&text=comment83,117
84,https://dummyimage.com/600x400/7d7d7d/fff&text=comment84,118
85,https://dummyimage.com/600x400/7d7d7d/fff&text=comment85,119
86,https://dummyimage.com/600x400/7d7d7d/fff&text=comment86,140
87,https://dummyimage.com/600x400/7d7d7d/fff&text=comment87,141
88,https://dummyimage.com/600x400/7d7d7d/fff&text=comment88,150
89,https://dummyimage.com/600x400/7d7d7d/fff&text=comment89,171
90,https://dummyimage.com/600x400/7d7d7d/fff&text=comment90,178
91,https://dummyimage.com/600x400/7d7d7d/fff&text=comment91,180
92,https://dummyimage.com/600x400/7d7d7d/fff&text=comment92,181
93,https://dummyimage.com/600x400/7d7d7d/fff&text=comment93,182
94,https://dummyimage.com/600x400/7d7d7d/fff&text=comment94,183
95,https://dummyimage.com/600x400/7d7d7d/fff&text=comment95,183
96,https://dummyimage.com/600x400/7d7d7d/fff&text=comment96,183
97,https://dummyimage.com/600x400/7d7d7d/fff&text=comment97,183
98,https://dummyimage.com/600x400/7d7d7d/fff&text=comment98,190
99,https://dummyimage.com/600x400/7d7d7d/fff&text=comment99,191
100,https://dummyimage.com/600x400/7d7d7d/fff&text=comment100,192
101,https://dummyimage.com/600x400/7d7d7d/fff&text=comment101,193
102,https://dummyimage.com/600x400/7d7d7d/fff&text=comment102,194
103,https://dummyimage.com/600x400/7d7d7d/fff&text=comment103,195
104,https://dummyimage.com/600x400/7d7d7d/fff&text=comment104,196
105,https://dummyimage.com/600x400/7d7d7d/fff&text=comment105,200
106,https://dummyimage.com/600x400/7d7d7d/fff&text=comment106,201
107,https://dummyimage.com/600x400/7d7d7d/fff&text=comment107,202
108,https://dummyimage.com/600x400/7d7d7d/fff&text=comment108,202
109,https://dummyimage.com/600x400/7d7d7d/fff&text=comment109,203
110,https://dummyimage.com/600x400/7d7d7d/fff&text=comment110,204
111,https://dummyimage.com/600x400/7d7d7d/fff&text=comment111,205
112,https://dummyimage.com/600x400/7d7d7d/fff&text=comment112,210
113,https://dummyimage.com/600x400/7d7d7d/fff&text=comment113,211
114,https://dummyimage.com/600x400/7d7d7d/fff&text=comment114,212
115,https://dummyimage.com/600x400/7d7d7d/fff&text=comment115,215