id,enquery_text,is_private,is_deleted,created_at,deleted_at,product_id,user_id,reply_id
1,enquery1,1,0,,,1,1,
2,enquery2,1,0,,,1,10,
3,enquery3,1,0,,,1,2,
4,enquery4,1,0,,,1,10,
5,enquery5,1,0,,,1,3,
6,enquery6,1,0,,,1,10,
7,enquery7,1,0,,,1,4,
8,enquery8,1,0,,,1,10,
9,enquery9,0,0,,,1,5,
10,enquery10,0,0,,,1,10,
11,enquery11,0,0,,,1,6,
12,enquery12,0,0,,,1,10,
13,enquery13,0,0,,,2,9,
14,enquery14,0,0,,,2,11,
15,enquery15,1,0,,,2,1,
16,enquery16,0,0,,,2,11,
17,enquery17,0,0,,,2,1,
18,enquery18,0,0,,,2,11,
19,enquery19,1,0,,,2,1,
20,enquery20,1,0,,,2,11,
21,enquery21,0,0,,,2,1,
22,enquery22,0,0,,,2,11,
23,enquery23,1,0,,,3,2,
24,enquery24,1,0,,,3,13,
25,enquery25,0,0,,,3,4,
26,enquery26,0,0,,,3,13,
27,enquery27,1,0,,,3,6,
28,enquery28,1,0,,,3,13,
29,enquery29,0,0,,,4,7,
30,enquery30,0,0,,,4,12,
31,enquery31,1,0,,,4,1,
32,enquery32,1,0,,,4,12,
33,enquery33,0,0,,,4,1,
34,enquery34,0,0,,,4,12,
35,enquery35,0,0,,,4,2,
36,enquery36,0,0,,,4,12,
37,enquery37,1,0,,,5,8,
38,enquery38,1,0,,,5,19,
39,enquery39,1,0,,,5,8,
40,enquery40,1,0,,,5,19,
41,enquery41,1,0,,,5,8,
42,enquery42,1,0,,,5,19,
43,enquery43,1,0,,,5,7,
44,enquery44,1,0,,,5,19,
45,enquery45,0,0,,,6,7,
46,enquery46,0,0,,,6,12,
47,enquery47,0,0,,,6,7,
48,enquery48,0,0,,,6,12,
49,enquery49,1,0,,,6,6,
50,enquery50,1,0,,,6,12,
51,enquery51,1,0,,,6,5,
52,enquery52,1,0,,,6,12,
53,enquery53,1,0,,,6,4,
54,enquery54,1,0,,,6,12,
55,enquery55,0,0,,,6,3,
56,enquery56,0,0,,,6,12,
57,enquery57,1,0,,,6,2,
58,enquery58,1,0,,,6,12,
59,enquery59,0,0,,,7,1,
60,enquery60,0,0,,,7,18,
61,enquery61,1,0,,,7,1,
62,enquery62,1,0,,,8,10,
63,enquery63,0,0,,,8,2,
64,enquery64,0,0,,,8,10,
65,enquery65,1,0,,,9,2,
66,enquery66,1,0,,,9,12,
67,enquery67,1,0,,,9,3,
68,enquery68,1,0,,,9,12,
69,enquery69,0,0,,,9,4,
70,enquery70,0,0,,,9,12,
71,enquery71,1,0,,,9,5,
72,enquery72,1,0,,,9,12,
73,enquery73,0,0,,,10,1,
74,enquery74,0,0,,,10,16,
75,enquery75,1,0,,,10,1,
76,enquery76,1,0,,,10,16,
77,enquery77,1,0,,,10,2,
78,enquery78,1,0,,,10,16,
79,enquery79,1,0,,,10,2,
80,enquery80,1,0,,,10,16,
81,enquery81,0,0,,,10,4,
82,enquery82,0,0,,,10,16,
83,enquery83,1,0,,,11,3,
84,enquery84,1,0,,,11,17,
85,enquery85,1,0,,,11,1,
86,enquery86,1,0,,,11,17,
87,enquery87,1,0,,,11,1,
88,enquery88,1,0,,,11,17,
89,enquery89,0,0,,,12,21,
90,enquery90,0,0,,,12,11,
91,enquery91,0,0,,,12,32,
92,enquery92,0,0,,,12,11,
93,enquery93,1,0,,,12,31,
94,enquery94,1,0,,,12,11,
95,enquery95,1,0,,,12,41,
96,enquery96,1,0,,,12,11,
97,enquery97,0,0,,,13,43,
98,enquery98,0,0,,,13,10,
99,enquery99,1,0,,,15,42,
100,enquery100,1,0,,,15,15,
101,enquery101,1,0,,,15,28,
