id,email,password,nickname,status,profile_image_url,social_platform,is_deleted,created_at,updated_at,deleted_at
1,test01@gmail.com,qwer1234!@#$,test01,user,https://dummyimage.com/50x50/7d7d7d/fff&text=user1,kakao,0,,,
2,test02@gmail.com,qwer1234!@#$,test02,user,https://dummyimage.com/50x50/7d7d7d/fff&text=user2,kakao,0,,,
3,test03@gmail.com,qwer1234!@#$,test03,user,https://dummyimage.com/50x50/7d7d7d/fff&text=user3,kakao,0,,,
4,test04@gmail.com,qwer1234!@#$,test04,user,https://dummyimage.com/50x50/7d7d7d/fff&text=user4,kakao,0,,,
5,test05@gmail.com,qwer1234!@#$,test05,user,https://dummyimage.com/50x50/7d7d7d/fff&text=user5,kakao,0,,,
6,test06@gmail.com,qwer1234!@#$,test06,user,https://dummyimage.com/50x50/7d7d7d/fff&text=user6,kakao,0,,,
7,test07@gmail.com,qwer1234!@#$,test07,user,https://dummyimage.com/50x50/7d7d7d/fff&text=user7,kakao,0,,,
8,test08@gmail.com,qwer1234!@#$,test08,user,https://dummyimage.com/50x50/7d7d7d/fff&text=user8,kakao,0,,,
9,test09@gmail.com,qwer1234!@#$,test09,host,https://dummyimage.com/50x50/7d7d7d/fff&text=user9,kakao,0,,,
10,test10@gmail.com,qwer1234!@#$,test10,host,https://dummyimage.com/50x50/7d7d7d/fff&text=user10,kakao,0,,,
11,test11@gmail.com,qwer1234!@#$,test11,host,https://dummyimage.com/50x50/7d7d7d/fff&text=user11,kakao,0,,,
12,test12@gmail.com,qwer1234!@#$,test12,host,https://dummyimage.com/50x50/7d7d7d/fff&text=user12,kakao,0,,,
13,test13@gmail.com,qwer1234!@#$,test13,host,https://dummyimage.com/50x50/7d7d7d/fff&text=user13,kakao,0,,,
14,test14@gmail.com,qwer1234!@#$,test14,host,https://dummyimage.com/50x50/7d7d7d/fff&text=user14,kakao,0,,,
15,test15@gmail.com,qwer1234!@#$,test15,host,https://dummyimage.com/50x50/7d7d7d/fff&text=user15,kakao,0,,,
16,test16@gmail.com,qwer1234!@#$,test16,host,https://dummyimage.com/50x50/7d7d7d/fff&text=user16,kakao,0,,,
17,test17@gmail.com,qwer1234!@#$,test17,host,https://dummyimage.com/50x50/7d7d7d/fff&text=user17,kakao,0,,,
18,test18@gmail.com,qwer1234!@#$,test18,host,https://dummyimage.com/50x50/7d7d7d/fff&text=user18,kakao,0,,,
19,test19@gmail.com,qwer1234!@#$,test19,host,https://dummyimage.com/50x50/7d7d7d/fff&text=user19,kakao,0,,,
20,test20@gmail.com,qwer1234!@#$,test20,user,https://dummyimage.com/50x50/7d7d7d/fff&text=user20,kakao,0,,,
21,test21@gmail.com,qwer1234!@#$,test21,user,https://dummyimage.com/50x50/7d7d7d/fff&text=user21,kakao,0,,,
22,test22@gmail.com,qwer1234!@#$,test22,user,https://dummyimage.com/50x50/7d7d7d/fff&text=user22,kakao,0,,,
23,test23@gmail.com,qwer1234!@#$,test23,user,https://dummyimage.com/50x50/7d7d7d/fff&text=user23,kakao,0,,,
24,test24@gmail.com,qwer1234!@#$,test24,user,https://dummyimage.com/50x50/7d7d7d/fff&text=user24,kakao,0,,,
25,test25@gmail.com,qwer1234!@#$,test25,user,https://dummyimage.com/50x50/7d7d7d/fff&text=user25,kakao,0,,,
26,test26@gmail.com,qwer1234!@#$,test26,user,https://dummyimage.com/50x50/7d7d7d/fff&text=user26,kakao,0,,,
27,test27@gmail.com,qwer1234!@#$,test27,user,https://dummyimage.com/50x50/7d7d7d/fff&text=user27,kakao,0,,,
28,test28@gmail.com,qwer1234!@#$,test28,user,https://dummyimage.com/50x50/7d7d7d/fff&text=user28,kakao,0,,,
29,test29@gmail.com,qwer1234!@#$,test29,user,https://dummyimage.com/50x50/7d7d7d/fff&text=user29,kakao,0,,,
30,test30@gmail.com,qwer1234!@#$,test30,user,https://dummyimage.com/50x50/7d7d7d/fff&text=user30,kakao,0,,,
31,test31@gmail.com,qwer1234!@#$,test31,user,https://dummyimage.com/50x50/7d7d7d/fff&text=user31,kakao,0,,,
32,test32@gmail.com,qwer1234!@#$,test32,user,https://dummyimage.com/50x50/7d7d7d/fff&text=user32,kakao,0,,,
33,test33@gmail.com,qwer1234!@#$,test33,user,https://dummyimage.com/50x50/7d7d7d/fff&text=user33,kakao,0,,,
34,test34@gmail.com,qwer1234!@#$,test34,user,https://dummyimage.com/50x50/7d7d7d/fff&text=user34,kakao,0,,,
35,test35@gmail.com,qwer1234!@#$,test35,user,https://dummyimage.com/50x50/7d7d7d/fff&text=user35,kakao,0,,,
36,test36@gmail.com,qwer1234!@#$,test36,user,https://dummyimage.com/50x50/7d7d7d/fff&text=user36,kakao,0,,,
37,test37@gmail.com,qwer1234!@#$,test37,user,https://dummyimage.com/50x50/7d7d7d/fff&text=user37,kakao,0,,,
38,test38@gmail.com,qwer1234!@#$,test38,user,https://dummyimage.com/50x50/7d7d7d/fff&text=user38,kakao,0,,,
39,test39@gmail.com,qwer1234!@#$,test39,user,https://dummyimage.com/50x50/7d7d7d/fff&text=user39,kakao,0,,,
40,test40@gmail.com,qwer1234!@#$,test40,user,https://dummyimage.com/50x50/7d7d7d/fff&text=user40,kakao,0,,,
41,test41@gmail.com,qwer1234!@#$,test41,user,https://dummyimage.com/50x50/7d7d7d/fff&text=user41,kakao,0,,,
42,test42@gmail.com,qwer1234!@#$,test42,user,https://dummyimage.com/50x50/7d7d7d/fff&text=user42,kakao,0,,,
43,test43@gmail.com,qwer1234!@#$,test43,user,https://dummyimage.com/50x50/7d7d7d/fff&text=user43,kakao,0,,,
44,test44@gmail.com,qwer1234!@#$,test44,user,https://dummyimage.com/50x50/7d7d7d/fff&text=user44,kakao,0,,,
45,test45@gmail.com,qwer1234!@#$,test45,user,https://dummyimage.com/50x50/7d7d7d/fff&text=user45,kakao,0,,,
46,test46@gmail.com,qwer1234!@#$,test46,user,https://dummyimage.com/50x50/7d7d7d/fff&text=user46,kakao,0,,,
47,test47@gmail.com,qwer1234!@#$,test47,user,https://dummyimage.com/50x50/7d7d7d/fff&text=user47,kakao,0,,,
48,test48@gmail.com,qwer1234!@#$,test48,user,https://dummyimage.com/50x50/7d7d7d/fff&text=user48,kakao,0,,,
49,test49@gmail.com,qwer1234!@#$,test49,user,https://dummyimage.com/50x50/7d7d7d/fff&text=user49,kakao,0,,,
50,test50@gmail.com,qwer1234!@#$,test50,user,https://dummyimage.com/50x50/7d7d7d/fff&text=user50,kakao,0,,,